{
  "num_products": 36,
  "lr": 0.05,
  "l2": 0.0001,
  "neg_samples": 8,
  "seed": 7,
  "step": 1,
  "bias": [
    0.0,
    0.0,
    0.0,
    -0.03168094903230667,
    -0.03410233184695244,
    0.0,
    0.0,
    0.0,
    0.0,
    0.0,
    0.0,
    0.0,
    0.0,
    0.0,
    -0.030760208144783974,
    0.0,
    0.0,
    0.0,
    0.0,
    -0.031000463292002678,
    0.0,
    0.0,
    0.02087359130382538,
    -0.05428620055317879,
    0.0,
    -0.02840459905564785,
    0.0,
    0.0,
    -0.030400196090340614,
    0.0,
    0.0,
    0.0,
    0.0,
    0.0,
    0.0,
    0.0
  ]
}