{"mean": [42.4766845703125, 129652.953125, 129652.953125, 0.047429148107767105, 0.5696283578872681, 0.7406787276268005, 0.09241239726543427, 0.25357580184936523], "std": [16.191261291503906, 112235.515625, 112235.515625, 0.21256817877292633, 0.49514228105545044, 0.593742311000824, 0.2896161377429962, 0.4350303113460541], "feature_names": ["age", "balance", "monthlyIncome", "accountType", "currency", "seniority_months", "segment_vip", "segment_students"]}