{"mean": [42.51352310180664, 130487.375, 130487.375, 0.04932647943496704, 0.5733073353767395, 0.739083468914032, 0.09071251004934311, 0.25122296810150146], "std": [16.143966674804688, 155009.609375, 155009.609375, 0.21656733751296997, 0.4945717751979828, 0.5938727855682373, 0.2872525453567505, 0.4337362051010132], "feature_names": ["age", "balance", "monthlyIncome", "accountType", "currency", "seniority_months", "segment_vip", "segment_students"]}